{
    "velocimeters": [
        {
            "scale_and_alignment": [
                1.0,
                0.0000000000000000,
                0.0000000000000000,
                0.0000000000000000,
                1.0,
                0.0000000000000000,
                0.0000000000000000,
                0.0000000000000000,
                1.0
            ],
            "noise_variance": 0.00004445126050420168,
            "extrinsics": {
                "T": [
                    -0.3275,
                    0.009,
                    1.0337
                ],
                "T_variance": [
                    9.999999974752427e-7, 
                    9.999999974752427e-7, 
                    9.999999974752427e-7
                ],
                "W": [
                    0.4070529,
                    0.0003241,
                    3.1135177
                ],
                "W_variance": [
                    9.999999974752427e-5, 
                    9.999999974752427e-5, 
                    9.999999974752427e-5
                ]
            }
        }
    ]
}
